,lhs,rhs,support,confidence,coverage,lift,count
[1],"{default=crDefault_no, loan=loan_no, duration=HighDuration, previous=VeyLowContacts, poutcome=success}",{deposit=termDeposit_yes},0.010572648,0.784893268,0.013470173,6.709360848,478
[2],"{default=crDefault_no, balance=lowBalance, loan=loan_no, duration=HighDuration, poutcome=success}",{deposit=termDeposit_yes},0.010152397,0.783276451,0.012961447,6.695540103,459
[3],"{default=crDefault_no, loan=loan_no, day=Fri, duration=HighDuration, poutcome=success}",{deposit=termDeposit_yes},0.010174515,0.779661017,0.013049921,6.664634947,460
[4],"{default=crDefault_no, housing=housing_no, loan=loan_no, day=Fri, poutcome=success}",{deposit=termDeposit_yes},0.013425936,0.716646989,0.018734379,6.125983558,607
[5],"{balance=lowBalance, housing=housing_no, loan=loan_no, day=Fri, poutcome=success}",{deposit=termDeposit_yes},0.011634337,0.716621253,0.016234987,6.125763564,526
[6],"{default=crDefault_no, balance=lowBalance, housing=housing_no, loan=loan_no, day=Fri, poutcome=success}",{deposit=termDeposit_yes},0.011634337,0.716621253,0.016234987,6.125763564,526
[7],"{housing=housing_no, loan=loan_no, day=Fri, previous=VeyLowContacts, poutcome=success}",{deposit=termDeposit_yes},0.011656455,0.715061058,0.016301343,6.112426831,527
[8],"{default=crDefault_no, housing=housing_no, loan=loan_no, day=Fri, previous=VeyLowContacts, poutcome=success}",{deposit=termDeposit_yes},0.011656455,0.715061058,0.016301343,6.112426831,527
[9],"{default=crDefault_no, balance=lowBalance, housing=housing_no, day=Fri, poutcome=success}",{deposit=termDeposit_yes},0.012010351,0.713534823,0.016832187,6.099380387,543
[10],"{balance=lowBalance, housing=housing_no, loan=loan_no, day=Fri, previous=VeyLowContacts, poutcome=success}",{deposit=termDeposit_yes},0.010130278,0.712286159,0.014222203,6.088706659,458
[11],"{default=crDefault_no, balance=lowBalance, housing=housing_no, loan=loan_no, day=Fri, previous=VeyLowContacts, poutcome=success}",{deposit=termDeposit_yes},0.010130278,0.712286159,0.014222203,6.088706659,458
,,,,,,,
,"No housing no loan, no Credit Default, ",,,,,,
